xup,zup,xlow,zlow
647.7445136,15.03703445,647.7445136,15.03703445
647.7730768,15.28071289,647.8081099,14.80462725
647.9720319,15.67984711,648.0718662,14.45027585
648.3622662,16.10873831,648.5456283,14.12418363
648.9208281,16.50948348,649.1646101,13.8374424
649.6169479,16.86162281,649.8958405,13.583269
650.4293419,17.15273073,650.7207155,13.35406305
651.3375653,17.38925444,651.627541,13.14412809
652.3262476,17.58722995,652.6076973,12.94614402
653.385167,17.76363233,653.6561286,12.7610794
654.5089043,17.92275143,654.7677533,12.58479749
655.6934001,18.06713095,655.9389925,12.41624187
656.9353038,18.19831989,657.1668718,12.25515268
658.2318719,18.31715043,658.4489039,12.10197309
659.5807215,18.42409139,659.7829916,11.95807431
660.9797972,18.51934373,661.1673386,11.82652959
662.4272691,18.60255899,662.6004168,11.71002793
663.9215193,18.67341912,664.0805648,11.61099118
665.4609795,18.73204023,665.6063047,11.53355945
667.0443439,18.77772052,667.1760982,11.47803297
668.6702591,18.81002091,668.788503,11.44686474
670.3375768,18.82878863,670.4420065,11.43992493
672.045177,18.83324429,672.1352974,11.45732043
673.7920701,18.82252811,673.8671024,11.49904288
675.5771721,18.79582321,675.6362764,11.56493423
677.399499,18.75210707,677.441746,11.654711
679.2582275,18.69002576,679.2824598,11.76832111
681.1522274,18.60747297,681.1570333,11.91158381
683.0805868,18.50180766,683.0640749,12.08786743
685.0421519,18.36919876,685.0019261,12.30226692
687.0355968,18.20423585,686.9687959,12.55922798
689.0591227,17.99969429,688.9629169,12.86139033
691.1110029,17.7505261,690.9831086,13.20799047
693.1902678,17.45926695,693.0333809,13.57024565
695.2958443,17.12775899,695.1187732,13.91561812
697.4273661,16.75898039,697.2423003,14.21863307
699.5839998,16.35423439,699.4057833,14.44950514
701.7652306,15.91538725,701.6083671,14.57684528
703.9695456,15.43882002,703.8444456,14.58763898
706.1942847,14.91704203,706.1049436,14.44044399
708.3799124,14.19640236,708.3799124,14.19640236
